{
    "teosed": [
        {
            "id": 123223,
            "pealkiri": "Cantus Haljalaensis",
            "versioonid": [
                {
                    "aasta": 2006,
                    "esmaettekanne": {
                        "esitaja": [
                            {
                                "id": 3,
                                "nimi": "Haljala segakoor"
                            },
                            {
                                "id": 4,
                                "nimi": "Virumaa kammerorkester"
                            }
                        ],
                        "kuupaev": "2006-05-08"
                    },
                    "helilooja": [
                        {
                            "id": 1,
                            "nimi": "Ahti Bachblum"
                        }
                    ],
                    "kestvus": "00:09:22",
                    "originaal": true,
                    "pealkiri": "Cantus Haljalaensis",
                    "tekstiautor": [
                        {
                            "id": 2,
                            "nimi": "Neeme Plutus"
                        }
                    ]
                },
                {
                    "aasta": 2011,
                    "esituskoosseis": [
                        "rockansambel"
                    ],
                    "helilooja": [
                        {
                            "id": 1,
                            "nimi": "Ahti Bachblum"
                        }
                    ],
                    "kestvus": "00:05:30",
                    "pealkiri": "Cantus Haljalaensis",
                    "seadja": [
                        {
                            "id": 5,
                            "nimi": "Peep Pihlak"
                        }
                    ],
                    "tekstiautor": [
                        {
                            "id": 2,
                            "nimi": "Neeme Plutus"
                        }
                    ]
                }
            ]
        },
        {
            "id": 123323,
            "pealkiri": "Piparkoogipoisid",
            "versioonid": [
                {
                    "aasta": 1960,
                    "esituskoosseis": [
                        "meesansambel",
                        "instrumentaalansambel"
                    ],
                    "esmaettekanne": {
                        "esitaja": [
                            {
                                "id": 14,
                                "nimi": "Uno Loop"
                            },
                            {
                                "id": 15,
                                "nimi": "Arved Haug"
                            },
                            {
                                "id": 16,
                                "nimi": "Eri Klas"
                            },
                            {
                                "id": 17,
                                "nimi": "Emil Laansoo ansambel"
                            }
                        ],
                        "kuupaev": "1961-01-01"
                    },
                    "helilooja": [
                        {
                            "id": 6,
                            "nimi": "Vello Lipand"
                        }
                    ],
                    "kestvus": "00:01:09",
                    "originaal": true,
                    "pealkiri": "Piparkoogipoisid",
                    "tekstiautor": [
                        {
                            "id": 7,
                            "nimi": "Astrid Gullstrand"
                        }
                    ],
                    "tolkija": [
                        {
                            "id": 8,
                            "nimi": "Heljo Mänd"
                        }
                    ]
                },
                {
                    "aasta": 2013,
                    "esitaja": [
                        {
                            "id": 13,
                            "nimi": "HaLe MaJa"
                        }
                    ],
                    "esituskoosseis": [
                        "meesansambel",
                        "instrumentaalansambel"
                    ],
                    "helilooja": [
                        {
                            "id": 6,
                            "nimi": "Vello Lipand"
                        }
                    ],
                    "kestvus": "00:01:09",
                    "pealkiri": "Tre pepparkaksgubbar",
                    "tekstiautor": [
                        {
                            "id": 7,
                            "nimi": "Astrid Gullstrand"
                        }
                    ]
                }
            ]
        },
        {
            "id": 1582693197,
            "pealkiri": "Aeg meil minna üheskoos",
            "versioonid": [
                {
                    "aasta": 1986,
                    "esituskoosseis": [
                        "popansambel"
                    ],
                    "esmaettekanne": {
                        "esitaja": [
                            {
                                "id": 8,
                                "nimi": "Karavan"
                            }
                        ],
                        "kuupaev": null
                    },
                    "helilooja": [
                        {
                            "id": 9,
                            "nimi": "Agu Tammeorg"
                        }
                    ],
                    "kestvus": "00:05:00",
                    "originaal": true,
                    "pealkiri": "",
                    "tekstiautor": [
                        {
                            "id": 10,
                            "nimi": "Ott Arder"
                        }
                    ]
                },
                {
                    "aasta": 2014,
                    "esitaja": [
                        {
                            "id": 11,
                            "nimi": "RAMMM"
                        }
                    ],
                    "esituskoosseis": [
                        "meesansambel"
                    ],
                    "helilooja": [
                        {
                            "id": 9,
                            "nimi": "Agu Tammeorg"
                        }
                    ],
                    "kestvus": "00:05:00",
                    "pealkiri": "Aeg meil minna üheskoos",
                    "seadja": [
                        {
                            "id": 1,
                            "nimi": "Ahti Bachblum"
                        }
                    ],
                    "tekstiautor": [
                        {
                            "id": 10,
                            "nimi": "Ott Arder"
                        }
                    ]
                }
            ]
        },
        {
            "id": 136824003382,
            "pealkiri": "Alte Kameraden",
            "versioonid": [
                {
                    "aasta": 1889,
                    "esituskoosseis": [
                        "meeskoor",
                        "puhkpilliorkester"
                    ],
                    "esmaettekanne": {
                        "esitaja": [
                            {
                                "id": 11,
                                "nimi": "Nowaweser Kapelle Fritz Köhler"
                            }
                        ],
                        "aasta": 1895
                    },
                    "helilooja": [
                        {
                            "id": 12,
                            "nimi": "Carl Teike"
                        }
                    ],
                    "kestvus": "00:02:20",
                    "originaal": true,
                    "pealkiri": "Alte Kameraden",
                    "tekstiautor": [
                        {
                            "id": -1,
                            "nimi": "teadmata"
                        }
                    ]
                },
                {
                    "aasta": 1889,
                    "esituskoosseis": [
                        "puhkpilliorkester"
                    ],
                    "helilooja": [
                        {
                            "id": 12,
                            "nimi": "Carl Teike"
                        }
                    ],
                    "kestvus": "00:02:20",
                    "pealkiri": "Alte Kameraden"
                },
                {
                    "aasta": 1960,
                    "esituskoosseis": [
                        "puhkpilliorkester"
                    ],
                    "helilooja": [
                        {
                            "id": 12,
                            "nimi": "Carl Teike"
                        }
                    ],
                    "kestvus": "00:02:20",
                    "pealkiri": "Vanad sõbrad"
                },
                {
                    "aasta": 1960,
                    "esitaja": [
                        {
                            "id": 13,
                            "nimi": "RAM-1"
                        }
                    ],
                    "esituskoosseis": [
                        "meesansambel",
                        "puhkpilliorkester"
                    ],
                    "helilooja": [
                        {
                            "id": 12,
                            "nimi": "Carl Teike"
                        }
                    ],
                    "kestvus": "00:02:20",
                    "pealkiri": "Vanad sõbrad",
                    "tekstiautor": [
                        {
                            "id": -1,
                            "nimi": "teadmata"
                        }
                    ],
                    "tolkija": [
                        {
                            "id": -1,
                            "nimi": "teadmata"
                        }
                    ]
                }
            ]
        },
        {
            "id": 1582693197,
            "pealkiri": "Aeg meil minna üheskoos",
            "versioonid": [
                {
                    "aasta": 1986,
                    "esituskoosseis": [
                        "popansambel"
                    ],
                    "esmaettekanne": {
                        "esitaja": [
                            {
                                "id": 8,
                                "nimi": "Karavan"
                            }
                        ],
                        "kuupaev": null
                    },
                    "helilooja": [
                        {
                            "id": 9,
                            "nimi": "Agu Tammeorg"
                        }
                    ],
                    "kestvus": "00:05:00",
                    "originaal": true,
                    "pealkiri": "",
                    "tekstiautor": [
                        {
                            "id": 10,
                            "nimi": "Ott Arder"
                        }
                    ]
                },
                {
                    "aasta": 2014,
                    "esitaja": [
                        {
                            "id": 11,
                            "nimi": "RAMMM"
                        }
                    ],
                    "esituskoosseis": [
                        "meesansambel"
                    ],
                    "helilooja": [
                        {
                            "id": 9,
                            "nimi": "Agu Tammeorg"
                        }
                    ],
                    "kestvus": "00:05:00",
                    "pealkiri": "Aeg meil minna üheskoos",
                    "seadja": [
                        {
                            "id": 1,
                            "nimi": "Ahti Bachblum"
                        }
                    ],
                    "tekstiautor": [
                        {
                            "id": 10,
                            "nimi": "Ott Arder"
                        }
                    ]
                }
            ]
        },
        {
            "id": 15826931971,
            "pealkiri": "Aeg meil minna üheskoos 1",
            "versioonid": [
                {
                    "aasta": 1986,
                    "esituskoosseis": [
                        "popansambel"
                    ],
                    "esmaettekanne": {
                        "esitaja": [
                            {
                                "id": 8,
                                "nimi": "Karavan"
                            }
                        ],
                        "kuupaev": null
                    },
                    "helilooja": [
                        {
                            "id": 9,
                            "nimi": "Agu Tammeorg"
                        }
                    ],
                    "kestvus": "00:05:00",
                    "originaal": true,
                    "pealkiri": "Aeg meil minna üheskoos 1",
                    "tekstiautor": [
                        {
                            "id": 10,
                            "nimi": "Ott Arder"
                        }
                    ]
                },
                {
                    "aasta": 2014,
                    "esitaja": [
                        {
                            "id": 11,
                            "nimi": "RAMMM"
                        }
                    ],
                    "esituskoosseis": [
                        "meesansambel"
                    ],
                    "helilooja": [
                        {
                            "id": 9,
                            "nimi": "Agu Tammeorg"
                        }
                    ],
                    "kestvus": "00:05:00",
                    "pealkiri": "Aeg meil minna üheskoos 1",
                    "seadja": [
                        {
                            "id": 1,
                            "nimi": "Ahti Bachblum"
                        }
                    ],
                    "tekstiautor": [
                        {
                            "id": 10,
                            "nimi": "Ott Arder"
                        }
                    ]
                }
            ]
        },
        {
            "id": 15826931972,
            "pealkiri": "Aeg meil minna üheskoos 2",
            "versioonid": [
                {
                    "aasta": 1986,
                    "esituskoosseis": [
                        "popansambel"
                    ],
                    "esmaettekanne": {
                        "esitaja": [
                            {
                                "id": 8,
                                "nimi": "Karavan"
                            }
                        ],
                        "kuupaev": null
                    },
                    "helilooja": [
                        {
                            "id": 9,
                            "nimi": "Agu Tammeorg"
                        }
                    ],
                    "kestvus": "00:05:00",
                    "originaal": true,
                    "pealkiri": "",
                    "tekstiautor": [
                        {
                            "id": 10,
                            "nimi": "Ott Arder"
                        }
                    ]
                },
                {
                    "aasta": 2014,
                    "esitaja": [
                        {
                            "id": 11,
                            "nimi": "RAMMM"
                        }
                    ],
                    "esituskoosseis": [
                        "meesansambel"
                    ],
                    "helilooja": [
                        {
                            "id": 9,
                            "nimi": "Agu Tammeorg"
                        }
                    ],
                    "kestvus": "00:05:00",
                    "pealkiri": "Aeg meil minna üheskoos 2",
                    "seadja": [
                        {
                            "id": 1,
                            "nimi": "Ahti Bachblum"
                        }
                    ],
                    "tekstiautor": [
                        {
                            "id": 10,
                            "nimi": "Ott Arder"
                        }
                    ]
                }
            ]
        },
        {
            "id": 15826931973,
            "pealkiri": "Aeg meil minna üheskoos 3",
            "versioonid": [
                {
                    "aasta": 1986,
                    "esituskoosseis": [
                        "popansambel"
                    ],
                    "esmaettekanne": {
                        "esitaja": [
                            {
                                "id": 8,
                                "nimi": "Karavan"
                            }
                        ],
                        "kuupaev": null
                    },
                    "helilooja": [
                        {
                            "id": 9,
                            "nimi": "Agu Tammeorg"
                        }
                    ],
                    "kestvus": "00:05:00",
                    "originaal": true,
                    "pealkiri": "Aeg meil minna üheskoos 3",
                    "tekstiautor": [
                        {
                            "id": 10,
                            "nimi": "Ott Arder"
                        }
                    ]
                },
                {
                    "aasta": 2014,
                    "esitaja": [
                        {
                            "id": 11,
                            "nimi": "RAMMM"
                        }
                    ],
                    "esituskoosseis": [
                        "meesansambel"
                    ],
                    "helilooja": [
                        {
                            "id": 9,
                            "nimi": "Agu Tammeorg"
                        }
                    ],
                    "kestvus": "00:05:00",
                    "pealkiri": "Aeg meil minna üheskoos 3",
                    "seadja": [
                        {
                            "id": 1,
                            "nimi": "Ahti Bachblum"
                        }
                    ],
                    "tekstiautor": [
                        {
                            "id": 10,
                            "nimi": "Ott Arder"
                        }
                    ]
                }
            ]
        },
        {
            "id": 15826931974,
            "pealkiri": "Aeg meil minna üheskoos 4",
            "versioonid": [
                {
                    "aasta": 1986,
                    "esituskoosseis": [
                        "popansambel"
                    ],
                    "esmaettekanne": {
                        "esitaja": [
                            {
                                "id": 8,
                                "nimi": "Karavan"
                            }
                        ],
                        "kuupaev": null
                    },
                    "helilooja": [
                        {
                            "id": 9,
                            "nimi": "Agu Tammeorg"
                        }
                    ],
                    "kestvus": "00:05:00",
                    "originaal": true,
                    "pealkiri": "Aeg meil minna üheskoos 4",
                    "tekstiautor": [
                        {
                            "id": 10,
                            "nimi": "Ott Arder"
                        }
                    ]
                },
                {
                    "aasta": 2014,
                    "esitaja": [
                        {
                            "id": 11,
                            "nimi": "RAMMM"
                        }
                    ],
                    "esituskoosseis": [
                        "meesansambel"
                    ],
                    "helilooja": [
                        {
                            "id": 9,
                            "nimi": "Agu Tammeorg"
                        }
                    ],
                    "kestvus": "00:05:00",
                    "pealkiri": "Aeg meil minna üheskoos 4",
                    "seadja": [
                        {
                            "id": 1,
                            "nimi": "Ahti Bachblum"
                        }
                    ],
                    "tekstiautor": [
                        {
                            "id": 10,
                            "nimi": "Ott Arder"
                        }
                    ]
                }
            ]
        },
        {
            "id": 15826931975,
            "pealkiri": "Aeg meil minna üheskoos 5",
            "versioonid": [
                {
                    "aasta": 1986,
                    "esituskoosseis": [
                        "popansambel"
                    ],
                    "esmaettekanne": {
                        "esitaja": [
                            {
                                "id": 8,
                                "nimi": "Karavan"
                            }
                        ],
                        "kuupaev": null
                    },
                    "helilooja": [
                        {
                            "id": 9,
                            "nimi": "Agu Tammeorg"
                        }
                    ],
                    "kestvus": "00:05:00",
                    "originaal": true,
                    "pealkiri": "Aeg meil minna üheskoos 5",
                    "tekstiautor": [
                        {
                            "id": 10,
                            "nimi": "Ott Arder"
                        }
                    ]
                },
                {
                    "aasta": 2014,
                    "esitaja": [
                        {
                            "id": 11,
                            "nimi": "RAMMM"
                        }
                    ],
                    "esituskoosseis": [
                        "meesansambel"
                    ],
                    "helilooja": [
                        {
                            "id": 9,
                            "nimi": "Agu Tammeorg"
                        }
                    ],
                    "kestvus": "00:05:00",
                    "pealkiri": "Aeg meil minna üheskoos 5",
                    "seadja": [
                        {
                            "id": 1,
                            "nimi": "Ahti Bachblum"
                        }
                    ],
                    "tekstiautor": [
                        {
                            "id": 10,
                            "nimi": "Ott Arder"
                        }
                    ]
                }
            ]
        },
        {
            "id": 15826931976,
            "pealkiri": "Aeg meil minna üheskoos 6",
            "versioonid": [
                {
                    "aasta": 1986,
                    "esituskoosseis": [
                        "popansambel"
                    ],
                    "esmaettekanne": {
                        "esitaja": [
                            {
                                "id": 8,
                                "nimi": "Karavan"
                            }
                        ],
                        "kuupaev": null
                    },
                    "helilooja": [
                        {
                            "id": 9,
                            "nimi": "Agu Tammeorg"
                        }
                    ],
                    "kestvus": "00:05:00",
                    "originaal": true,
                    "pealkiri": "Aeg meil minna üheskoos 6",
                    "tekstiautor": [
                        {
                            "id": 10,
                            "nimi": "Ott Arder"
                        }
                    ]
                },
                {
                    "aasta": 2014,
                    "esitaja": [
                        {
                            "id": 11,
                            "nimi": "RAMMM"
                        }
                    ],
                    "esituskoosseis": [
                        "meesansambel"
                    ],
                    "helilooja": [
                        {
                            "id": 9,
                            "nimi": "Agu Tammeorg"
                        }
                    ],
                    "kestvus": "00:05:00",
                    "pealkiri": "Aeg meil minna üheskoos 6",
                    "seadja": [
                        {
                            "id": 1,
                            "nimi": "Ahti Bachblum"
                        }
                    ],
                    "tekstiautor": [
                        {
                            "id": 10,
                            "nimi": "Ott Arder"
                        }
                    ]
                }
            ]
        },
        {
            "id": 15826931977,
            "pealkiri": "Aeg meil minna üheskoos 7",
            "versioonid": [
                {
                    "aasta": 1986,
                    "esituskoosseis": [
                        "popansambel"
                    ],
                    "esmaettekanne": {
                        "esitaja": [
                            {
                                "id": 8,
                                "nimi": "Karavan"
                            }
                        ],
                        "kuupaev": null
                    },
                    "helilooja": [
                        {
                            "id": 9,
                            "nimi": "Agu Tammeorg"
                        }
                    ],
                    "kestvus": "00:05:00",
                    "originaal": true,
                    "pealkiri": "Aeg meil minna üheskoos 7",
                    "tekstiautor": [
                        {
                            "id": 10,
                            "nimi": "Ott Arder"
                        }
                    ]
                },
                {
                    "aasta": 2014,
                    "esitaja": [
                        {
                            "id": 11,
                            "nimi": "RAMMM"
                        }
                    ],
                    "esituskoosseis": [
                        "meesansambel"
                    ],
                    "helilooja": [
                        {
                            "id": 9,
                            "nimi": "Agu Tammeorg"
                        }
                    ],
                    "kestvus": "00:05:00",
                    "pealkiri": "Aeg meil minna üheskoos 7",
                    "seadja": [
                        {
                            "id": 1,
                            "nimi": "Ahti Bachblum"
                        }
                    ],
                    "tekstiautor": [
                        {
                            "id": 10,
                            "nimi": "Ott Arder"
                        }
                    ]
                }
            ]
        },
        {
            "id": 15826931978,
            "pealkiri": "Aeg meil minna üheskoos 8",
            "versioonid": [
                {
                    "aasta": 1986,
                    "esituskoosseis": [
                        "popansambel"
                    ],
                    "esmaettekanne": {
                        "esitaja": [
                            {
                                "id": 8,
                                "nimi": "Karavan"
                            }
                        ],
                        "kuupaev": null
                    },
                    "helilooja": [
                        {
                            "id": 9,
                            "nimi": "Agu Tammeorg"
                        }
                    ],
                    "kestvus": "00:05:00",
                    "originaal": true,
                    "pealkiri": "Aeg meil minna üheskoos 8",
                    "tekstiautor": [
                        {
                            "id": 10,
                            "nimi": "Ott Arder"
                        }
                    ]
                },
                {
                    "aasta": 2014,
                    "esitaja": [
                        {
                            "id": 11,
                            "nimi": "RAMMM"
                        }
                    ],
                    "esituskoosseis": [
                        "meesansambel"
                    ],
                    "helilooja": [
                        {
                            "id": 9,
                            "nimi": "Agu Tammeorg"
                        }
                    ],
                    "kestvus": "00:05:00",
                    "pealkiri": "Aeg meil minna üheskoos 8",
                    "seadja": [
                        {
                            "id": 1,
                            "nimi": "Ahti Bachblum"
                        }
                    ],
                    "tekstiautor": [
                        {
                            "id": 10,
                            "nimi": "Ott Arder"
                        }
                    ]
                }
            ]
        },
        {
            "id": 133823673349,
            "pealkiri": "Beim Kronenwirt",
            "versioonid": [
                {
                    "esituskoosseis": [
                        "lauljad",
                        "külakapell"
                    ],
                    "rahvalaul": true,
                    "helilooja": [
                        {
                            "id": 200,
                            "nimi": "Saksa"
                        }
                    ],
                    "kestvus": "00:02:15",
                    "originaal": true,
                    "pealkiri": "Beim Kronenwirt",
                    "tekstiautor": [
                        {
                            "id": 100,
                            "nimi": "Heinrich Binder"
                        }
                    ]
                },
                {
                    "aasta": 1969,
                    "esitaja": [
                        {
                            "id": 102,
                            "nimi": "RAM-3"
                        }
                    ],
                    "esituskoosseis": [
                        "meesansambel",
                        "saateansambel"
                    ],
                    "rahvalaul": true,
                    "helilooja": [
                        {
                            "id": 200,
                            "nimi": "Saksa"
                        }
                    ],
                    "kestvus": "00:02:15",
                    "pealkiri": "Külapulmad",
                    "tekstiautor": [
                        {
                            "id": 100,
                            "nimi": "Heinrich Binder"
                        }
                    ],
                    "tolkija": [
                        {
                            "id": 101,
                            "nimi": "Aliide Halliste"
                        }
                    ]
                }
            ]
        }
    ]
}